1,jordinasb85
1,robertopiqueras
1,subramon1
1,A_M_Alali
1,gerard__89
1,edmon_bosch
1,gahero
1,jacobiteabroad
1,miaalberti
1,merymore_
1,paula_martcos
1,albujawladimir
1,walkaway
1,didito99
1,Xavier_rcde
1,judithyalka
1,xramonrivera
1,MaxCasas5
1,gesma1983
1,GemmaLarruy
1,CarlesVidal
1,outplayer1
1,daddordaddor
1,IlianaCapllonch
1,_NitReolid
1,angelagarcia92
1,Kli_fes
1,LauraaLlop
1,MedusaCultura
1,albert_sanju
1,gunsznroses
1,llavinarp
1,itsanneta
1,janinavilana
1,elcapo_vcf
1,NachoSanahuja
1,isaacguila
1,Motilleta_
1,CharlieYoung_98
1,imouthes
1,MartaBascu
1,miquel57
1,jaumefvidal
1,StefiQuilez7
1,RobertAdamson90
1,TuiteroDelSur
1,Bartro10
2,Esquerra_ERC
2,3gerardpique
